﻿Question,Answer
For what purposes does the Bank provide Home Loan?,"Land and/or Building purchase - Construction, extension or renovation of house - Ready-built House/Apartment purchase - For the purpose of furnishing, purchase of home appliances etc."
How shall I apply for the loan?,"All you need to do is approach the Bank and submit the application form along with the necessary documents or you can simply download the application form from the Bank\'s website, fill it in and submit to the Bank. Loan can be applied in single or joint names."
How is my Home Loan eligibility determined?,Your Home Loan eligibility is basically determined considering the following factors: - Age of the borrower - Purpose of the loan facility - Collateral - Repayment capability
How long does it take to get my application processed and the loan sanctioned?,We are committed for the prompt processing of your application if all the essential documents are in place. Loans are disbursed upon completion/execution of all security documentation
What is the maximum amount that I can borrow?,The maximum amount that you can borrow depends upon: - purpose of the loan - value of the project - repayment capability
What security/collateral do I have to provide?,Freehold landed property as assessed by the Bank
Does the property have to be insured?,"Yes, the property (building) should be insured."
What is EMI,"EMI or Equated Monthly Installments refers to the fixed sum of money that you will be paying to the bank every month on a specified dateThe EMI comprises of interest and principal components which is derived upon determining loan amount, loan tenure and interest rate."
What are the repayment period options,Repayment period options range generally from a minimum of  year (excluding moratorium period) and a maximum of  years (including moratorium period).
What is Moratorium Period,"Moratorium Period is nothing but loan repayment holidayIf you want to get the loan disbursement and not yet ready with the provision of Equated Monthly Installments (EMIs), you are provided with an option of paying interest only on the utilized loan amount for certain period instead of paying an EMIThe moratorium period is included within the maximum repayment period"
What is Mortgage Loan,Mortgage Loan is a consumer loan that is advanced to meet short term financial obligation of an individualIt is provided against the security of landed property.
How is my Mortgage Loan eligibility determined,Mortgage Loan eligibility is basically determined considering the following factors: - Age of the borrower - Purpose of the loan facility - Collateral - Repayment capability
How would the value of my property be determined,The value of your property would be determined by way of valuation conducted by the authorized valuator of the Bank.
Can I settle my loan before maturity,"Yes, you can settle your loan before the maturity upon paying applicable pre/partial payment fees."
What is the difference between Mortgage Loan and Mortgage Overdraft Loan,"Mortgage Loan is an Equated Installment loan wherein you need to pay monthly installments and the installment constitutes principal as well as the interestConversely, in case of Mortgage Overdraft, you may need to pay interest only on the utilized loan amountAnnual renewal of the facility is mandatory in case of Mortgage Overdraft."
What type of Auto Loans can I avail from the Bank,Auto Loan facility is provided by the Bank to finance the purchase of new or used private or commercial/utility vehicles.
How do I apply the loan,"All you need to do is approach the Bank and submit the application form along with the necessary documents or you can simply download the application form from the Bank's website, fill it in and submit to the BankLoan can be applied in single or joint names."
How is my Auto Loan eligibility determined,Your Auto Loan eligibility is basically determined considering the following factors: - Age of the borrower - Type of vehicle to be financed - Repayment capability - Experience in operating vehicle (in case of Commercial/Utility vehicles)
How much can I borrow,The maximum amount you can borrow depends upon the value of vehicle that you are planning to purchase.
Is there any down payment required to get an Auto Loan,"Yes, you are supposed to inject certain amount as equity prior getting the Bank financing."
Does the vehicle need to be insured,"Yes, the vehicle requires comprehensive insurance coverage including third party liability endorsed in the name of the Bank."
Do I need to pledge anything or give additional collateral to get an Auto Loan,"No, there's no need of additional collateral except registration of vehicle in the Bank' favor."
How is my Personal Loan eligibility determined,Your Personal Loan eligibility is basically determined considering the following factors: - Age - Purpose of the loan facility - Repayment capability
I have a business plan but do not know if I will be financed by the bank,We would love to hear your ideas and discuss on your business planWhether or not you can get your business plan financed depends on several factorsThe key factor that bank looks at is whether your proposed business plan is feasible and we are comfortable with your repayment capacity and cash flow.
What is an Overdraft,Overdraft (OD) is a revolving/open term funded credit facility that enables a firm/company to manage their varying daily cash requirement.
What is a Bills Purchase,Bills Purchase means the purchase by the bank other than the issuing bank and/or documents under a complying presentation by advancing or agreeing to advance funds on or before the banking day on which reimbursement is due to the nominated bank.
What is a Demand Loan / Short-term loan,These facilities are normally provided to support one-off or any particular short-term transactions to finance the working capital component of business.
What is a Project Finance / Term Loan,Term Loan is a funded credit facility provided for a period exceeding one year for financing the fixed assets of the borrowerWe normally provide up to % of the financing requirement for financing fixed assets.
What is Working Capital Finance,"Working capital Loan means short term loan facilities provided to a borrower such as cash credit, demand loan provided to finance the asset turnover cycle of the borrower."
,
What are funded and non funded loans,"Funded loans are those loans where there is an actual transfer of funds from the bank to the borrower whereas non-funded facilities are those which do not involve such transferExamples of funded loans are term loans and overdraftExamples of non-funded loans are letters of credit, bank guarantees, etcA non-funded facility may subsequently turn into a funded facility, e.gwhere the bank makes payment pursuant to invocation of a guarantee issued by it."
"Where do I fit in corporate banking, I run a small shop","The scale of your operation maybe small for corporate banking, however, we have tailor-made scheme for Small and Medium business (SME) which can accommodate your needsSME banking provides everything that corporate banking has to offer, so please get in touch with our SME banking team today."
Where do I need to apply,You can contact your nearest branch and get in touch with one of our Credit Relationship Managers or simply call us on our listed phone number and we will get back to you within  hours.
How can I activate my Mobile Banking Account,"You can activate your account through the website, provided: You are a  account holderYou are registered with  mobile banking service and have provided a valid email address."
How do I know if I am registered with  Mobile Banking Service,You are registered if: You have filled up the  Mobile Banking Registration FormYou have an Account in a  branch.
Is there an extra charge for using Mobile Banking,"There is no subscription feeHowever, normal product fees and charges, may be levied depending upon the conditions."
Can I access Mobile Banking from anywhere,Yes! You can access Mobile Banking from anywhere anytime as long you are connected to the Internet.
I have forgotten my passwordWhat should I do,You should submit application with required credentials mentioning details about 'Forgot Password'; then  will provide you a system generated temporary password which will be send to your email address registered with us.
Can I change my Login Name / Password,"You cannot change your Login Name, however, you may change your password using the 'Change Password' feature from by clicking on Options and then Change Password."
Are there any minimum system requirements for effective operation of mobile banking,"Mobile banking can be run in any operative systemHowever, Internet Explorer or above, Mozilla ., Opera ., Safari supports MEGA mobile banking."
How many times I can attempt to log in,"You can try up to three times for log inIf your username or password is clicked wrong for the three consecutive times, the user will be lockedTo activate it again, the customer should fill up request form to unlock."
Is password case sensitive,"Yes password is case sensitiveIf you have set password as ""PASSWORD"" you cannot use ""password"" or ""Password""The small letters and capital letters are treated different."
Can I link other accounts with existing mobile banking user ID,"Yes, you have to contact customer service if you want to link other accounts as well."
How long can mobile banking page be kept idle,Mobile banking will be disable if the page is kept idle for minutes i.esession will be logout automatically after minutes.
What sectors do you finance,"Manufacturing, construction /contractors, tourism/travel trade, handicrafts, health, importers/exporters, traders, wholesaler, retailers, logistics/transport, education, health, manpower etc."
Why should I choose  Bank for SME banking,Our highly qualified SME team understands and aspires to delivering not just exceptional service but a friendship of a lifetime that is at the heart of  SME Banking and experience the  Star service of the bank.
What types of credit facilities are provided under  SME Banking,"Overdraft, Demand loan, Short term loan, Fixed term loans, Letter of Credit, Trust receipt loan, packing credit, export loan, guarantees."
How can I apply,"Whether or not you have decided or still undecided, we are always delighted to talk to you about our servicesYou can get in touch with us either on the phone, email or in personGenerally, we ask you to fill out our 'Basic Information sheet' (application) and provide us with supporting documents for the business to start credit assessment process."
How can I enroll in  mobile Bank,"To enroll in Mobile banking, you need to visit the nearby  bank counters and fill the registration form. Once the bank personal verifies your mobile number with the account number you provide, you will be sent with the registration confirmation message with all your login password, transaction password and MPIN.  Note: Make sure you have enough balance in your account to activate your service required for  MOBANK registration."
"What is my Login password, Transaction Password and MPIN","The login password is the secret code used for authentication during the login process if you are a using smartphone with activated internet connection in it.  Transaction password is the secret code used for the transaction (withdrawing your account) during the fund transfer, bill payments or to get the recharge card.  MPIN is 7 digit alphanumeric passwords used in the case you do not have internet connection in the phone and you are using SMS request from the application."
How do I get the application installed in my Mobile Phone,"The  MOBANK application is available in android, iOS and java supported platformsTo get the application, please visit the Google play store and search for  MOBANK from your mobile devices in case of androidApple app store and search for  MOBANK from your mobile devices in case of the iOS platformPlease find a mobile banking link in the NIC official website to download a  JAD file for java based mobile phone."
What do I do after I receive the Message with the passwords and MPIN,"Once you install the  MOBANK application in your mobile phone, for an android phone please log in to  MOBANK with the login credentials, you received through SMS messageThe username will be the mobile number you present during the registration process in the bankAfter successful registration, you will be asked to change your login password and transaction password successivelyFor password format, please follow the instruction, as in the popup panel you get for changing your passwordOnce you set your new login and transaction password, you need to log in again with the new password to use the service.  In the case of SMS, you will need to change your MPIN from the settings menu to activate the service.  Note: Please keep all the login password, transaction password and MPIN you set safe and confidential."
How to use GPRS Password and M-Pin (Txn) Number,"For GPRS Password:  You need to open the Mobile Banking App. You need to type your Mobile Number and your GPRS Password and Login. Then after, Change your Password option will appear where you can see the spaces for Old Password, New Password and Confirm New Password. You need to write a GPRS password in the old password and then you can type your new password and confirm typing your new password again. A message ‘Password changed successfully’ will be displayed."
Will I be able to access all of my accounts using  mobile bank/MOBANK,"Yes, you can access all of your accounts using the  MOBANK only if you specify your required account during the registration process in the form."
What happens if I forget my password,"If you forget your password, it needs to be resetYou need to visit your respective branch and submit a request to reset the passwordBank will charge a minimum amount for this service as per the bank’s rules and regulations."
Can I use any kind of password,"For the GPRS password, you must use the password having alphabetical (At least one character in Capital format e.gABC…), numerical (123…) and special characters (@ $ # *…) to use Mobile Banking. Txn pin should be 4-digit numeric only."
"I used wrong password to login but after attempting three times with the wrong password, the app shows my password has been blockedWhat should I do on this","You need to visit your respective branch to inform the same and unblock the passwordFor this, you also need to fill & submit the unblock request form to the branch."
What time does it take to unblock my password,"The branch will inform you at the time you visit and submit the request formHowever, it usually takes 24 hours or will be done by the end of the day if you submit the form on the morning the same day."
What happens to my Mobile Banking if I change my mobile phone,"If you change your mobile phone, you should visit your respective branch and contact the concerned staff at the branch to reset the deviceYou can download the form here:"
What are the charges while transferring money/fund,"If you are transferring money from  Bank’s Account to another  Bank’s Account, it will not bear any changesHowever, if the fund is being transferred to another bank’s account then the Bank will charge a minimum amount for this service as per Bank’s rules and regulations.  I used Mobile Banking on 1st of January then I used after 3 months, but it shows my password has been expired and I again used my old password but it did not accept rather my password got blocked. Mo-banking password expires every 2 months hence, you need to reset your password every 2 months to not to get expiry information which will also save you from blocking your password. However, if your password got expired, you need to reset your passwordBut if you tried with an old password many times, your password will be blocked, for which you need to visit your respective branch to inform the same and need to fill & submit the unblock request form to the branch."
How much money/fund can I transfer per day using Mobile Banking,"Per transaction maximum amount NPR 25,000 and Total Maximum transaction NPR 100,000/- Per day."
Who do I contact if I face problem while transferring (loading) money to E-sewa using Mobile Banking,You can send a screenshot message at mobanksupport@nicasiabank.com or contact any branch of  BankOr you can directly contact e-sewa customer care.
How long does it take to unblock my password,"The branch will inform you at the time you visit and submit the request formHowever, it usually takes a working day 24 hours or will be done by the end of the day if you submit form in the morning the same day."
Who do I contact if I face problem while doing Top-Up through Mobile Banking,You can send the screenshot message at mobanksupport@nicasiabank.com or contact any branch of  Bank.
What are the Fees and charges for credit card,Please go to this link https://www.nicasiabank.com/assets/backend/uploads/STC/STC version 1.24- 14th September 2020.pdf to know about the applicable charges for a credit card.
Is our Credit Card secured,"Yes, as our card is EMV Chip Based Secured Card. A Chip Card is a card with an embedded microchip. The Chip is encrypted and provides enhanced security and protection to help guard against fraudulent transactions. When you use your Chip Card at stores or restaurants that have chip enabled terminals and at ATMs, the system validates the Chip ensuring security of your transaction."
Can  Bank credit card be used to a swipe card,"Yes,  Bank credit card can be used as a Swipe card (POS machines)"
Can the credit card be used to withdraw cash,"Yes, the card can be used at any of the ATMs to withdraw cash within Nepal and India."
Can our credit card be used for online transaction,"Yes, the credit card can be used for online transactions."
What is the validity of our credit card,Our credit card has 5 years’ validity
Does our Bank Credit Card provide flexible payment option,"Yes , our Credit Card provides Flexible payment option between 10% to 100%"
Where are credit cards accepted,Credit card is accepted as mode of payment at VISA merchant locations within territory of Nepal and India.
What is the limit of Credit Card,Limit of Credit Card ranges from 15K to 500K .
Does  CREDIT Provides discount facility,"Yes , credit card customer can avail discount facility in more than 2000 merchants outlets where discount tie up is done."
Does the ’S Bank credit card charges Interest,"Yes , our Credit cards charge interest and are primarily can be used for short-term financing. Interest usually begins one month after a purchase is made and borrowing limits are pre-set according to the individual's credit rating."
How is  Credit Card BILLING can be done,Statement Delivery: E-mail Statement Date: 25th of every Gregorian calendar month Payment Due Date: 15 working days after statement date.
How is our credit Card Payment can be made,"Cash Deposit. Cheque Deposit. Auto Debit Instruction. Online Payment (internet banking, Mobile banking-Fonepay, NCHL-Connect IPS)"
Does Customer get SMS alert for his / her transactions,"Yes , Customer gets SMS alert for his / her transactions ."
Can customer can apply credit card online,"Yes, now credit card can be applied via online by visiting Bank’s website."
"I Came Across A Transaction On My Account Using A Debit Card, Which Was Not Attempted By Me","Any fraudulent or disputed transaction using the debit card on your account can be reported at our customer care hotline number (01-4418878) or any  branch. We will scrutinize this transaction and update you on the same. If the transaction is unsuccessful, it will be reversed to your account."
How Do I Report This Transaction,"Any fraudulent or disputed transaction using the debit card on your account can be reported at our customer care hotline number (01-4418878) or any  branch. We will scrutinize this transaction and update you on the same. If the transaction is unsuccessful, it will be reversed to your account."
My Current Debit Card Is Damaged Or Lost,You can visit the nearest branch and request for a new debit card.
How Do I Replace card,You can visit the nearest branch and request for a new debit card.
"My Debit Card Is Going To Expire Soon, Should I Apply For A New Debit Card","Yes, you should apply for a new debit card by visiting your branch before the expiry of your current debit card."
What Should I Do If I Have Lost My Debit Card,"In case of loss of debit card, you can call our Hotline Numbers +977-1-2044142 or +977-014443377 ext. 2011, 2012 & 2013 to immediately block your Debit Card."
Will I Be Asked For My ATM PIN At Every POS Terminal,"If POS terminals are enabled for PIN authentication, you will be asked for PIN. You will need to enter your debit card PIN and complete transactions. However, in rest of POS, no PIN will be required."
How Can I Know The Expiry Date Of My Card,The validity of the card is 4 years. The expiry date of the card shall be written in card itself in case of embossed card.
What Should I Do If My Debit Card Is Not Working,"If your card is not working, contact us at our Hotline Numbers +977 012044142 or visit your nearest branch. We will assist you to identify the problem with the debit card."
Can I Use My Debit Card To Pay Online,is under the process of online payment system.
What Are The Charges Applied In Case I Lose My Password Or Card,"Card Replacement/Reissuance : NPR 250.00,PIN Reissuance Charges: NPR 100.00"
What Are The Charges Applied For  Debit Card,"Card Issuance Charge  : NPR 250.00,Renewal Charges: NPR 250.00,ATM Transaction Fee (Annual) : NPR 250.00,SMS Alert Charge (Annual): NPR 150.00"
What Are The Debit Card Transaction Fees For Withdrawal At Different Network,Cash Withdrawal Fee
What Are The Daily Usage Limits For My Debit Card For Usage At ATMs And Merchant Outlets,THE TRANSACTION LIMITS ARE AS UNDER:
Are There Any Fees For Using My Debit Card For Retail Outlet Transactions,"No, there is no fee for using your Debit Card at a retail outlet for purchase transactions."
How To Use A Debit Card For Retail Transactions,"When you are ready to check out from a retail store, produce your card to make the payment."
Will I Get Any Intimation For My Debit Card Transactions,"Yes, NRB has made subscription of SMS alert mandatory for all debit card owners. You will receive SMS alerts for all card transactions to your mobile number registered with the Bank. If you have not registered your mobile number for SMS alert, please visit at your nearest branch and register it mandatorily."
"If I Request For A New PIN, When Will It Be Delivered","The new PIN will be delivered to the branch you have applied for, within 7 working days from the date of the request."
"If I Have Forgotten My PIN Or Enter Incorrect PIN, What Happen","You can attempt PIN for three times and if attempted PINs are incorrect, your card / PIN would be temporarily blocked. If you remember PIN, you can contact with bank branch for refreshing/activating PIN again and attempt transactions with same PIN. However, if you have forgotten your PIN, please contact your bank branch to get new PIN."
"Do I Require To Change PIN, Once I Receive Card From The Bank","Yes, it is better for changing PIN, once you receive it from the bank. For SCT card, you should compulsorily change PIN at the time of first attempt. You can change your debit card PIN by selecting PIN Change option at  ATMs."
Is There Any Way Of Changing The Debit Card PIN,"Yes, it is better for changing PIN, once you receive it from the bank. For SCT card, you should compulsorily change PIN at the time of first attempt. You can change your debit card PIN by selecting PIN Change option at  ATMs."
"Beside Debit Card, Do I Get Any Password (PIN) From The Bank How To Use It","Along-with Debit Card, you can get a folded PIN mailer paper. This is a folded paper, inside which your Personal Identification Number (PIN) is mentioned. PIN is your security password required to attempt transactions in ATM and POS. Just tear out the paper from boarder and you can see four digit numbers, which is your PIN."
Does CREDIT Provides discount facility,"Yes , credit card customer can avail discount facility in more than 2000 merchants outlets where discount tie up is done."
Does the Bank credit card charges Interest,"Yes , our Credit cards charge interest and are primarily can be used for short-term financing. Interest usually begins one month after a purchase is made and borrowing limits are pre-set according to the individual's credit rating."
How is Credit Card BILLING can be done,Statement Delivery: E-mail Statement Date: 25th of every Gregorian calendar month Payment Due Date: 15 working days after statement date.
The Following Information Are Available On The Back Side Of Your Debit Card,(a) Three digit code (Card Verification Value – CVV) (b) Signature panel (c) Hotline Numbers and Email Address of the bank
What Is Information Written On My  Debit Card,The following information are available on the front side of your Debit Card: (a) 16 digit card number                (b) Debit card validity date                     (c) Cardholder’s name
"I Have Received  Debit Card, Is It Ready To Use","No, your Debit Card is in inactive state when you receive it. You can start using your debit card after 5:00 PM of the day you have received, as the cards are activated after 5:00 PM."
Can I Get My Debit Card Without Visiting The Branch,No. You have to personally visit the branch to get your Debit Card.
How Early I Could Get  Debit Card After I Apply For,"offers two types of Debit Card: (a) Embossed card which is named Personalized card & (b) Instant card, which is Non-personalized card. If you apply for Embossed card, you can get card within a week time from your own branch and if you apply for Instant card, you can get card instantly at the time of request."
How Can I Apply For  Debit Card,"You need to have an account with us to apply for  Debit Card or, you can apply for the card at the time of opening your account with us. If you don’t have an account with us, please visit one of our branches that is convenient for you."
Where Can I Use  Debit Card,Visa brand Debit Card can be used in all Visa & SCT affiliated ATM and POS outlets in Nepal and India.  SCT-UPI co-brand Debit Card can be used in all SCT affiliated ATM and POS outlets in Nepal and Punjab National Bank (PNB) ATMs in India.
What Are The Types Of Debit Card Offered By,"is offering two brands of Debit Card, (a) Visa brand Debit Card & (b) SCT – UPI co-branded debit card."
What Is The Difference Between An ATM Card And A Debit Card,"An ATM card is used primarily for cash withdrawal at ATMs. However, a Debit Card can be used at ATM for cash withdrawal as well as Point of Sales (merchants with held machines to do transaction with debit card) merchant outlets and online payment portals for making purchases online, by directly debiting to your bank account."
How Do We Receive Money In Account Of Banks Other Than prabhu bank?,We also arrange for third bank account (other  bank) credit facility via. Interbank Payment System.
"While Confirming The Transaction, I Am Getting Error Message “Transaction Password Expired”. What Should I Do","The transaction password is valid for 90 days. The message is displayed when your transaction password has not been changed for more than 90 days.  Please login into Internet Banking Services, use the change password option and change the transaction password.  SOME HELPFUL TIPS TO IMPROVE INTERNET SECURITY:  1.    Keep your User-id and passwords secret. 2.      Select password which is difficult to guess. 3.      Do not write or disclose your passwords even to officials of  4.      Change passwords periodically. 5.      Use virtual keyboard shown on the screen, to enter passwords. 6.      Protect your computer with adequate anti-virus solutions"
I Am Not Able To Do Funds Transfer And Getting Error Message “Transaction Not Allowed”,The message is displayed due to some exception in the account which you are debiting please take up with branch for rectification of the error relating to account.
I Am Not Able To Login And Getting Error Message “You Have Exceeded The Max. No. Of Attempts. Login Is Disabled”,"The message is displayed when your login password got blocked because of entering wrong password more than 5 attempts. If you have the correct password, approach your branch and submit for re-activation. Once activated, you can continue using the IBS service without any issue."
I Am Not Been Able To Login And Getting Error Message “Invalid Login Id Or Password”,"The message is displayed at the time when your login password is at disabled state. Please take up with nearest branch for the activation of the User, if you know the correct password."
Do I Get Alert When I Change My Transaction Password,"No, you will not receive SMS Alert for changing of Transaction password."
"Do I Get Alerts On My Mobile, Once I Do Transactions Through Internet Banking Services","Yes, if you have registered for SMS Alert facility, you will get SMS alerts for all transaction done using Internet Banking."
How Can I Transfer Funds Through Internet Banking,"Transfer of funds is available under the following two options:  a)      Self-Transfer (within your own accounts)  b)      Third party Transfer (within Everest Bank Limited)  For detail information, please visit https://www.netebl.com/corp/jsp/User_Manual.pdf"
Can I Transfer Funds Between My Own Accounts/Other Accounts Or To Other Bank Accounts,"Yes, you can transfer funds within your accounts or other accounts within Everest Bank Limited. These transactions are self-serviced transactions and once done cannot be reversed."
Can I Have Two User Ids,"No. In case the accounts are in the same name, it is better to have a single userID so that all accounts can be monitored under single IBS login. However, separate user-IDs be taken in the event of joint accounts."
"I Have Accounts In 2 Branches, One Is Saving And Another Is Current. Should I Have Separate User Ids","You may have different accounts, contact branch to make one Customer ID in case the customer-id of the accounts is same, then all accounts would be displayed automatically under the single Internet Banking user id. However, in case accounts are with different types, you may request for separate IBS userID."
What Are The Other Services Available Through Internet Banking Services,"Utility bill payments, Esewa transaction, khalti are the other auxiliary services through Internet Banking Services."
Can I Save My Account Statement On My PC,"Yes, you can save the account information downloaded through Internet Banking on your PC."
Can I Access My Accounts When I Am Out Of Country,"Yes, you can access your accounts from anywhere and at anytime provided necessary Internet access is available with you."
"I Would Like To Add More Accounts In Internet Banking Services, What Is The Process",Accounts maintained by you in any of our branches can be added to your existing Internet Banking Services. You may submit your request at branch where you have account. Standard format for this request is also available on the login page under “Add more accounts”.
I Am Unable To Do Fund Transfer,This is because your login has not given you transaction rights. Please fill up the form for transaction password and submit to the nearest branch to give you transaction rights. Transaction password will be sent to your mail.
How Can I Contact The Helpdesk Of Internet Banking Services,You can contact our Customer Call Centre at 977-01-4418878 e-mail: customercare@ebl.com.np or contact IBS customer care at nearby branch.
How Can I Recognize Spam/Fake/Fraudulent Email,"Fraudulent/spam mails would ask for your personal details (like user-id, passwords, card details etc) over an email. It would appear to have been sent by the bank and would promise prizes, jobs etc. Some fake emails would be having links to bank-look alike fake websites. DON’T RESPOND TO SUCH emails."
What Is My Role In Enhancing Security Of Internet Banking Transaction,"You have an important role in ensuring security of your access to bank accounts over Internet,     –          update your PC with latest anti-virus and operating system patches  –          Install personal firewall and anti-spy to protect your PC from internet attacks  –          Don’t reveal your internet banking user-id/passwords or any other personal details   –          Always exit using “Logout” button  –          Keep changing your passwords frequently  –          Always read the online security tips/important message provided on the bank’s website  –          Don’t leave your Internet Banking Session unattended."
How Can I Recognize That The Web-Page Is Secured,The URL starts with https://. – The LOCK icon present on the lower right corner of the browser window (in some cases it on the top). You can view the site details by clicking on the lock icon.
Is It Not Secure To Use The Regular Physical Keyboard,"Normal key boards can be used anytime, but it is advisable to use the dynamic key board while accessing from public PC or cyber cafe to ensure security while transacting."
When Should I Use Dynamic Key Board,"The dynamic keyboard should ideally be used at all times, especially when you are logging in from the computer that is not yours or in a public area like cyber cafe."
Do I Need To Use Dynamic Keyboard To Enter All Details On The Login Screen,"No, only password details can be entered using dynamic key board."
Is It Mandatory To Use This Onscreen Dynamic Keyboard For Entering Details,"No, you can also use physical keyboard to enter the details."
What Happens If I Do Not Logout,"Kindly do not leave your IBS without logging out, as this will give opportunity to others around to operate your accounts. However, after an idle session of 5 minutes, you will be automatically logged out from IBS."
Is It Safe To Login From Cyber Cafe,"We do not recommend accessing Internet Banking from Cyber Cafe being a public domain, however, in emergent cases, the access from cyber cafe can be done following the precautions/safeguards as under:  -           Do not use physical keypad for entering password(s). Use dynamic key pad available on the screen. -          Please check that no other person is in the vicinity observing your activities. -          As far as possible, use only view facility at cyber cafe. -          Proper logout of Inter Banking services before leaving the cafe."
I Want To Change My Address Or Update My Email,"For change of address and email id, please update your KYC at nearest branch."
I Have Some More Accounts Which Are Not Visible In The IBS,Your all accounts may not have same Customer ID. Please contact with your branch to add your other accounts.
Is Internet Banking Services Secured,"Yes, provided all precautions are taken and safeguards are followed while accessing Internet Banking Services."
I Am Not Able To Open Internet Banking Page / I Am Getting A “Page Cannot Be Displayed”,Please clear the cache/history from your browser and use updated browser.
"I Am Unable To Login With The Password And Allotted User Id, Communicated To Me By The Bank.",- Passwords are case sensitive. Kindly be more careful while typing the system-generated passwords for the first time. - Tt is also possible that your Internet Banking account has not been activated. Please get in touch with the branch.
How To Reset The Password,"You can reset your password by click forget password. For this facility, you have to set secret question and answer at IBS site.If could not reset the password as above, you may request for new password at the branch. New passwords would be sent to the same e-mail id  after resetting."
How Many Attempts Do I Get To Enter My Passwords,"Five (5) attempts are available for login password, whereas for transaction password there are 3 attempts. After the mentioned unsuccessful attempts, the passwords get disabled and you have to make request at branch for resetting  of the passwords."
Does The Bank Ask For The IBS Password,Bank will never ask for your passwords in any case. Please do not respond to any mail asking for your personal information.
What Are The Good Practices For Creating A Password,"Please choose a password that is not a dictionary word and not guessable from your personal information known to others such as names in the family, vehicle numbers, etc. You should change your password frequently. Please try to remember the password and do not write it down or paste it somewhere. Never disclose your passwords to anybody through any communication i.e. verbal, email, SMS, on paper or any other communication mode."
How To Change Passwords,Passwords can be changed at any time and any number of times through Change Password  option after you login to your IBS account. In fact bank recommends frequent change of passwords for securing access through internet.
Why Two Separate Passwords Have Been Provided For Login And Transaction,The Login password will enable you to get access to your accounts (in case of view only). When you are doing any transaction/payment using the Internet Banking Services then the same is to be confirmed by using Transaction password which must be separate than the login password.
Can I Change The User-Id And Password,"You may change your user ID as per your convenience. Also, it is mandatory for you to change passwords with your own convenient passwords at first login. Later on at any time you can change your passwords also."
Is The User Id And Password Case Sensitive,User Id is not case sensitive but password(s) are case sensitive.
How Many Days Does Will It Take To Get Internet Banking Password,"After submission of IBS form in , you may expect the password to get in your mail within 3 working days."
"I Forgot My User ID Of internet bank, What Should I Do",You may contact to the nearest branch or Customer Care Centre at 00977-1-4418878
What Is My User-Id For Internet Banking Services,You will get the IBS UserID immediately upon submission of forms with complete details.
"I Am A Non Resident Nepali (NRN), Can I Use Internet Banking Services","Yes, NRN customers can use Internet Banking Services fulfilling necessary documentation."
How Do I Get User Id And Password For The Internet Banking Services,"If you have applied e-banking, the password(s),  and ID will be sent to your email which is registered in the Bank’s system."
"I Do Not Have An Account With Everest Bank Limited (), Do I Be Able To Use Internet Banking Services",The Internet Banking Service is available to  customers only. Walk in to any of our branches for opening of account with  and take Internet Banking Services.
What Are The Facilities/Services Available Through Internet Banking,"Ø Access to accounts (statement of account, quick view, account details) Ø Transfer of Funds (within Bank) Ø Cheque Status, Online Stop payment of Cheques Ø Requests (cheque book issuance, statement of account, FD etc) Ø Mails (between customer and  only) Ø Customize- change passwords etc. Ø Payments towards services availed over Internet"
How Do I Register To Internet Banking Services,"You may register for the Internet Banking Services by submitting the form, which is available at branches or can be downloaded the form from following links."
How Much Charge Does It Take For  Internet Bank Services,IBS banking access is FREE of charge.
Who Are Eligible For The Internet Banking Services,All account holders of the bank are eligible for Internet Banking Services. Your account should be KYC compliant.
What Is Special About Internet Banking Services,You can do Internet Banking Services and operate your account anywhere/anytime (24*7/365) at your convenience.
What Is Internet Banking Service (IBS),"Internet Banking Service is a convenient way to access your bank account anywhere and anytime through internet. With this facility, you can view the accounts statement/balance, transfer funds to other accounts within Bank and wallet upload such as Esewa, Khalti."
How Can We Transfer Fund To Other Bank A/C Through Mobile Banking,"To transfer the fund through Mobile Banking Service, please use Fund transfer menu."
How To Subscribe SMS Banking Facility,"To subscribe SMS banking facility, you have to visit bank once with valid documents and fill one SMS banking firm. The process of activation will take not more than 30 minutes."
How To Deactivate Mobile Banking Service,You have to submit the written application to the respective branch to deactivate your mobile banking service. The branch will then do necessary process.
Can I Stop The Transaction Initiated Through Mobile,"The transactions through Mobile Banking Services happen instantaneously i.e. in real time and there is no option for stopping, reversing or recalling the same."
How Many Transactions Can I Do In A Day in internet banking,"You can do ten transactions per day. Per transaction limit is Rs 10,000 and per day transaction limit is Rs. 50,000."
I Have Deleted The Application By Mistake. What Should I Do,You can re-install the application from Play Store for android or App store for Iphone.
What Happens If I Forget To Log Out Or Leave My Handset Idle For A Period Of Time,"As a security measure,  Mobile Banking will automatically log out if you leave your mobile phone idle for more than 3 minutes. If you try to proceed with any transaction after you have been logged out, your phone will display ‘Session Expired’ message."
Can I Access To Both Internet Banking And Mobile Banking At The Same Time,Yes you can access both Internet Banking and Mobile Banking simultaneously at the same time as both are different channels.
What If I Get An SMS Or A Call While Performing A Transaction,User can answer the call/check the message and then continue the banking operation.
Are There Any Additional Security Precautions I Should Take,"Do not reveal password over phone, mail etc to any person including Bank. The passwords can be changed as frequently as you wish. Please change your password frequently. User ID/password and other sensitive information shall not be sent to the customer via e-mail. Please visit our website for do’s/don’t on password handling."
Will I Be Able To Use The Services While On Roaming,"Yes, you may use the mobile banking application on national as well as international roaming but you will only receive One Time Password (OTP) for transaction if you are using the registered mobile number while on international roaming."
What Happens If I Lose The Communication Signal During A Transaction,When you launch your application (when there is good signal) you can verify if your last transaction was successful or not successful by doing a transaction inquiry.
I Have Changed My Mobile Number. How Can I Update My Mobile Number,You may visit the respective branch and fill up the form for updating your mobile number.
I Get Session Expired Error,This could be an issue due to loss of connectivity to the server. Please restart the application and try again.
I Get Service Not Available Error,This could be an issue due to GPRS/data settings. Please choose an appropriate plan for GPRS/data connectivity or turn on your wifi.
I Get Maximum Number Of Attempts Exceeded Error,You can enter password maximum upto five times. This error is shown when the password has been entered wrongly for number of times (5). Please ensure that you have typed your password correctly or contact your branch.
I Get An Invalid Security Pin Error,Pin error may be due to the wrong input of Customer ID/password. Please check correct Customer ID and Password at the time of login.
"I Am Not Able To Connect To Mobile Banking Application, What To Do","You may contact to your branch or Customer Care Center no. 4418878 or mail at customercare@ebl.com.np. If it is the problem with the service provider, please contact your internet service provider."
How Can I Download The Application On My Handset,Android users can download the APP “ Touch-24” from Google Play store and iPhone users can download the application from App Store.
What Are The Variants Offered In Mobile Banking,Currently mobile banking is offered in 2 variants:  Application based SMS based
How Can I Register For  Mobile/SMS Banking Services,You can register for Mobile Banking Services by filling up the form at any branches of Everest Bank or download application from bank’s website https://www.everestbankltd.com/ on “form download” and submit the same to any nearest branch.
Do I Need To Register With Particular Service Provider To Use Mobile/SMS Banking Services,"Yes, the  Mobile/SMS Banking Services are accessible through NTC and NCELL SIM/network only. However Mobile Banking operate by any net (Wi-Fi, hotspot etc.)"
Are There Any Pre Requisites For Availing  Mobile/SMS Banking Services,"You need to have account with the Everest Bank, a valid mobile connection and handset supporting the services."
Can I Be Benefited From  Mobile/SMS Banking Services,"Yes,  Mobile Banking/SMS banking Services are benefited to all the existing customers of Bank."
What Are The Services Offered Through  Mobile Banking Services,"Application Mode:  Balance inquiry Transaction inquiry Mini Bank Statement Fund transfer to self linked account and third party account Utility bill payment Password change requests E-Sewa transfer NTC/NCELL top up General inquiry (ATM location, Branch inquiry, Exchange rate inquiry) SMS Mode:  Balance inquiry Transaction inquiry Check status inquiry Fund transfer to self linked account and third party account Utility bill payment Password change requests"
What Are Benefits Of  Mobile/SMS Banking Services,Mobile Banking/SMS banking services is simple and convenient way of banking anytime and anywhere services to the customers through Bank’s Mobile Application “ Touch-24”
What Is The Difference Between Mobile Banking And SMS Banking,Any banking activity done through mobile is called as Mobile banking whereas SMS    Banking is a type of service provided by banks.
"I Came Across A Transaction On My Account Using A Debit Card, Which Was Not Attempted By Me. How Do I Report This Transaction","Any fraudulent or disputed transaction using the debit card on your account can be reported at our customer care hotline number (01-4418878) or any  branch. We will scrutinize this transaction and update you on the same. If the transaction is unsuccessful, it will be reversed to your account."
My Current Debit Card Is Damaged Or Lost. How Do I Replace It,You can visit the nearest branch and request for a new debit card.
What Is The Limit Of Receiving Cash For Amount Received Via Remit Transactions,Remittance amounting Rs. 2.00 lac and above shall be through Bank account only.
What Is The Threshold Limit For Amounts Received Via Remittance,For Beyond Threshold Limit  Rs.10 Lacs or equivalent foreign currency. Documents required to be submitted by the Beneficiary: i. Indemnity Form to be filled by the beneficiary at the branch where Beneficiary’s account is maintained. ii. Source of fund iii. Purpose of fund
What Are The Other Remittances Which Can Be Received In Everest Bank,"Xpress Money, Western Union, Money Gram , CG remit"
Can We Receive Money Directly From United States,"Yes, remittance can be received from XOOM, PayPal, using their web-based portal. There is direct account credit facility as well as cash pick up facility."
How Do We Receive Amount Remitted Via. Remit In Account Of Banks Other Than,Third bank account credit facility is available via. IPS.
Can Customer Receive Remittance To Their Account Other Than Bank,The customer can receive the remittance other than Everest Bank
How Can I Check The Nearest Paying Agent Details For Remit,The same is given in Bank’s website www.everestbankltd.com on Remittance portal- “Remittance Payout Location”
Which Are The Exchange Houses Outside Nepal Tied Up With Prabhu Bank For Remittance,The same is given in Bank’s website www.everestbankltd.com on Remittance portal- “Inward Remittance”
What Is The Reference Number Pattern Of Remittance We Receive From Different Countries,9 Digits to 14 Digits Reference number in numeric or alpha numeric order. The details of same is also given in Bank’s website www.everestbankltd.com on Remittance portal
From Which Country Do We Receive Remittance,The same is given in Bank’s website www.everestbankltd.com on Remittance portal- “Inward Remittance”
How Many Days Does It Take To Credit The Account For Amount Received Via. SWIFT,Transaction executed+1 working day in case of directly sent from our correspondent banks
What Are The Inward SWIFT Charges Of,For NPR account- NPR 150  For FCY account – FCY 1.5 eg. 1.5 GBP for GBP account For Third banks- NPR 500
Which Are The Correspondent Banks For Different Currencies,"For USD Standard Chartered Bank, New York Mashreq Bank, New York Woori Bank, New York Korea Exchange Bank, Seoul Bank of China, Beijing, China Habib American Bank, New York For EUR Standard Chartered Bank, Frankfurt, Germany For GBP Standard Chartered Bank, London, United Kingdom For AUD Westpac Banking Corporation, Sydney, Australia For JPY Standard Chartered Bank, Tokyo,Japan For INR Punjab National Bank, New Delhi Standard Chartered Bank, Kolkata Details are on website www.everestbankltd.com"
How Can We Send Money Via SWIFT To Account In Nepal,"Please contact your bank with our bank’s SWIFT code, account number of receiver and our correspondent bank’s name."
What Is The SWIFT CODE Of Prabhu,EVBLNPKA
What Is SWIFT,"SWIFT stands for Society for Worldwide Interbank Financial Telecommunication. It provides a network that enables financial institutions worldwide to send and receive information about financial transactions in secure,standardized and reliable environment."
I want to send advance payment or make payment for goods received from my supplier. How can bank assist me,Bank can assist you through making fund transfer through SWIFT upon receipt of required documents.
What types of payment can be made through TT/SWIFT,We facilitate all trade related fund transfer mechanism. Mainly  Advance payment: in case of goods not received Full/partial payment: in case of goods and documents are received Service fee: in case of service provided by foreign firm Freight charge: transportation charge Others ( as prescribed by NRB forex regulation from time to time)
Is there any maximum limit of fund transfer,"Currently, NRB allows maximum INR 5 core and USD or equivalent USD 30000/- (Business  credit information (BCI) is required for more than USD 25000/-). In case of service payment,  INR 100K including tax and upto INR 3000K (approval required for more than INR 100K)"
Can an individual or firm transfer the fund for service purpose,An individual cannot transfer the fund through RTGS/SWIFT /TT neither for service nor for business purpose but the amount can be transmitted by the firm (registered firm in Nepal) for the service payment purpose.
What are the documents required for TT in advance payment,"In advance payment we required the following documents (and as prescribed by NRB from time to time )              Performa invoice → must mention importer name, exporter name, date, invoice no., quantity, rate per unit total amount, harmonic code, port of entry (custom point), country of origin, bank details for sending payment. Client application  Self-declaration mentioning fund not sent through other bank Bi Bi Ni 3 ka"
What are the document required for partial or full payment,"In case of goods imported and documents received by importer we can send the partial or full payment on the basis of following document.      Bhansar Pragyapan patra (PP) → must tally  customs reference no. and date,   exporter name  in (field→f→ 2), importer name (f→8), invoice no., invoice date (f→ 9), vehicle no (f→18 or 21) quantity(f→35), total amount(f 22 or f 31), harmonic code (f33),  port of entry ( custom office/point f→29), country of origin (f→16), goods description (f→31) freight charge or transport cost (f→44) tax detail (f→47 must match with custom receipt), custom officer name and signature (f→54), supplier claim required if payment is sending after 90 days from the goods received (Bhansar PP sign date) Custom cash receipts (must match with Bhansar PP) Commercial/Tax/Export invoice (must mention importer name, exporter name, date, invoice no., quantity, rate per unit total amount, harmonic code, port of entry ( custom point), country of origin, bank details for sending payment) Transport bill (bill of transport→bill-T): must mention invoice no, invoice amount and vehicle no. Client application  Letter of approval from concerned body (as  required by NRB for importing certain items)"
Can we transfer the fund through TT more than the amount included in Bhansar Pragyapan patra,"No, we cannot transmit the amount more than the mentioned amount in Bhansar Pragyapan patra but lesser can be transferred."
Can freight/transport charge be remitted through TT,"Yes, we can remit freight charge through TT and it can also paid in cash up to INR 75K."
How much time shall it take for beneficiary to receive fund,It will take minimum 1 hour to maximum 3 days (depends upon the bank we are sending fund)
Will my fund transfer application be processed same day,"Yes. Upon receipt of complete and compliant documents, we process the application the same day."
Can I remit the fund in the name of proprietor,"No, we cannot remit the business transaction amount in the name of business proprietor. It should always be remitted in the name of the firm."
Can I remit the fund before receiving the goods,Yes. We can remit money in advance before receiving the goods.
Do I need to submit any documents after I advance payment is made,"After receiving goods from advance payment, the applicant should submit the document Pragyapan patra, custom receipts, commercial invoice, transport bill and custom cash receipt along with BI.BI.NI. 3 ka issued by bank.  Failure of submission of these documents may restricts other payments to be done by the applicant."
How do I release goods from custom office in case of advance payment,"In case of advance payment, customer should submit the Performa invoice, advance payment receipt (swift message copy), transport bill and BI.Bi.Ni. 3 ka or Ga which are duly signed and stamped by Bank staff in order to release the imported goods from custom point."
What is the time frame for payment to be transferred in case of goods imported on credit basis,"Normally, the payment should be done within 90 days, However, the amount can be transmitted after 90 days but confirmation letter from the beneficiary is required."
Are there any restrictions for goods to be imported,Yes. Some goods are fully restricted. Some have quantitative restrictions and some requires pre-approval. These are prescribed by NRB- Foreign Exchange Unified Circular and Import-Export Act. Our Trade Team shall guide you on this (if required)
Can I make advance payment from Proforma Invoice/Sales Contract and then issue LC for remaining value,No. Only one mode of mechanism either LC or full payment through swift (TT) can be used.
How many login attempts can be made for  E-Banking?,Maximum three attempts can be made for login of E-Banking.
What if I forget my password for E-banking?,The User will get disabled after three wrong login attempts. To reset the login account the customer needs to contact the Customer Service of the Respective Branch.
What is the transaction limit per day?,"You can transfer maximum Rs. 10,000 per transaction with maximum 5 transactions per day."
Does Bank charges on the use of E Banking?,Bank charge minimal amount on the use of E Banking.
What is the validity of   Card?,NB  Card is valid for 4 years.
Where are the cards accepted?,"We can use NB  Card in Nepal, India & Bhutan."
What if my card gets stuck at other Bank’s ATM ?,You have to contact the concerned bank in which your card has been stuck. They will do the necessary process.
Is minor eligible to get   Card?,No.
Does  Bank take charges on Cash withdrawal from ATM?,"NB Bank doesn’t charge anything if withdrawn from own ATM. If withdrawn from Himalayan Bank’s network, the charge will be Rs. 20 per transaction. If withdrawn from SCT network, the charge will be Rs. 35 per transaction. If withdrawn from  network, the charge will be Rs. 150 per transaction."
What should I do if I lose my card?,You should contact your nearest branches of NB Bank immediately if you lose your card. Bank will not be responsible if the transaction has been made in that period.
How can I use   Card to withdraw Cash?,"To withdraw cash, you would need to insert your card into any  / Plus / Master card ATM machine overseas and follow the instructions on screen. Enter your PIN and indicate the amount you want to withdraw in the local currency. The requisitioned cash will be dispensed in the local currency of the country you are in."
Does  Bank take charges on issuance of  Card?,Yes. Certain charges are applicable as per bank’s policy.
How much money can I load onto my  Bank  Card?,The usage of your  Card should be in strict accordance with the regulations of Nepal Rastra Bank.
What are the currencies available in   Card?,"You can use the  Card in any country where VISA / MasterCard has acceptance. You can travel to any country and still transact in local currency. The transaction in local currency is processed after applying the cross currency charges, as applicable at the time of the transaction. Your card account will be debited in the equivalent of the base currency loaded by you."
Do I need to have  Bank Account to purchase the   Card?,Do I need to have NB Bank Account to purchase the NB  Card?
What documents do I need to submit when I purchase/ reload  Card?,"While purchasing NB  Card, You will have to submit a copy of the following documents to NB Bank’s Branches. Passport  Air TicketWhile Reloading  Card, it can be done as per NRB policy."
Can my   Card be swiped directly at Merchant Establishments?,"Yes, the NB  Card can be swiped directly for payments at Merchant establishments that accept VISA/VISA Electron/MasterCard."
How can I register in Prabhu  Mobile_banking Banking?,"To enroll, you need to visit the nearby Nepal Bangladesh Bank Limited branches and fill the registration form.Once the bank verifies your account number you provide information details, you will be sent with registration confirmation message with transaction password and TxnPin."
How much balance I need to activate the Prabhu  Mobile_banking Banking?,You need to have minimum Rs 300 in your account to activate the NBBL Mobile_banking. In case of Inquiry only it is free.
What are the charges for interbank transfer?,Charge will be displayed on the screen when you begin to transfer amount in another bank but transferring within NBBL branches it is free of cost.
When I need to use GPRS Password and MPIN/TxnPin ?,When you log into NBBL Mobile_banking through internet you need to login first from GPRS Password. Mpin or Txn Pin is used for transaction. If you are not in internet reach you can just use TxnPin for transaction.
Do I need to change the password in the first login?,"Yes, you need to change the password and MPIN in first login mandatory.For GPRS Password# You need to open mobile Banking Application# You need to type mobile number and your GPRS password and Click on Login button.# Then after Change your password option will appear, you need to type old password (GPRS password just provided), New Password and Confirm New Password (type the same new password again).# A message “ Password Changed Successfully” will be displayed.Note: change password according to the Alphanumeric and character length requirements as instruct by the application. For strong password , we recommend you to use password that is combination of alphabet ( A,b,c,Z etc) , Numeric (1,5,8 etc) & special Character (@,#,$,& etc).For Transaction Pin# Change Txn pin option will appear and change accordingly. Transaction pin should be 4 digit numeric only."
When my password will be blocked? What I should do when my password is blocked?,"After three consecutive wrong attempts system blocks the user and informs through application. To unblock, you need to visit the nearby branches fill up the form and process for unblock."
After changing mobile device my account is now working?,"For security reason, if you change your mobile device you need to visit nearby branch to reset the device. After submitting the request in the concern branch your device gets activated. OR you can press reset button and fill all asked information to activate the service in new device."
How many accounts can be linked or add in one mobile number?,We can register many account into one mobile number but the customer must be same and customer must submit the require documents to the concern branch for adding account into one mobile numbers. Other party account is prohibited to add in the same number. This is not applied in case of legal guardian.
If one account is blocked or not operative other account (s) will be active for Prabhu Mobile_banking banking transactionss or not?,"Yes, but not in case of Primary Account block."
Can I enable transaction in one account and alert only in another account?,"Yes we can control fund transfer, alert for different account as per customer’s requirement."
Who should I contact if I face problem while transferring money to eSewa  using Prabhu Mobile_banking ?,You should first directly contact e-sewa customer care or you can send screenshot of the problem message at [email protected]  or contact any branches of Nepal Bangladesh Bank Limited.
Can Infant or Children account take this service?,"No, he or she needs to link or add his/her account to parents or care taker or legal guardian."
How long does it take to get services after submitting the signed application in the branch?,Usually after submitting the application within 24 hours of working days the service will be activated.
For queries and problem how should I contact the bank?,We first give priority to the email with problem screen shot at [email protected] or contact nearest branch. Lastly we can entertain your phone calls also in Transaction & Digital banking department.
What Further Security measures we should take for secure transition and safety of our account?,"Customers are advised not to reveal password(s) over phone, email etc to any person including any official of Nepal Bangladesh Bank Limited. Customers are advised to keep passwords in combination of alphabet, numeric and Special Character combination - not easy to guess. Also the same may be changed at regular period in each month or two. In case of receipt of any suspicious e-mail purporting to be from the Bank requesting personal details, the information sought is not to be disclosed and Bank should be informed of receipt of such mail. Do not click on suspicious website links/ attachment links /suspicious emails claiming to be sent by NBBL Bank, they may be directed to fraudulent replica of banks website asking to user information and passwords. Users should be aware that Bank never sends any e-mail requesting to update / validate account and provide user id and passwords or other sensitive information Properly Read terms & Conditions in the application form."
Why my message sending fails to 32400 or Prabhu Mobile_banking?,"Sometime in application manager or in the application, message sending to 32400 remains disabled and sometimes due to network error or poor network connectivity message sending fails or with error in mobile also message sending fails."
Is there automatic renewal process of this service or do I need to request?,There is automatic renewal after expiry of the service until and unless the customer provides written application to discontinue the service atleast 1 month prior to the expiry of the same.
"Is ""Free Profile"" automatically changes to charge profile?","Yes. After 1 year of service free profile converts into ""Scheme-3 , NBBL Mobile_banking Transaction & Alert"" profile.Contact Numbers:Email Address: [email protected]"
"Is ""Free Profile"" have all the features of Prabhu Mobile_banking?",Yes
What is the highest interest rate in your bank for saving product,"4.0% in Machhapuchchhre Bachat Khata, Special Salary Management Scheme and MBL Smart Salary Account."
What are the documents required for opening an account for Nepali Citizen,The documents required for opening an account are: recently taken passport size photo and copy of citizenship.
What are the documents required for opening an account for Indian Citizen,The documents required to open an account for an Indian Citizen are: Aadhar Card and Certificate from Indian Embassy.
How can I open an online account,"You can proceed for online account opening by clicking this link (https://account.machbank.com/Online-account-opening-form) or visiting our official website (https://www.machbank.com). It should not take more than 5 minutes to apply. Before you begin, please ensure you have the following:  Photo of your valid ID (citizenship, passport) - you can take photo from your mobile or scan as per your convenience. Your recent photograph- taken from your mobile or digital photographs as per your convenience. Signature Specimen- you can sign in a blank sheet and take the photo from your mobile or scan as per your convenience. You can watch our step-by-step tutorial video on how to open online account from this link https://youtu.be/saHG8HWED3I"
Which category of account cannot be opened through online,Following account category cannot be opened through online:  Current Account Salary Account Joint Account Minor Account Foreign Currency (FCY) Account Samman Bachat Khata
In how many days will account be INACTIVE/DORMANT and how to activate,The account shall be dormant if transactions is not done for more than 3 years in saving account and 6 months in CALL/Current account. You must visit any of MBL branches to activate the account.
Can minor apply for debit card,"Minor is not eligible to apply for debit card by directly. However, operator of minor can apply for the card by visiting the bank’s branch."
How can one deposit money from foreign country to own account,You can deposit money from foreign country to own account through Remittance and SWIFT.
What is the subscription and renewal charge of debit card,The subscription and renewal charge of Debit Card is NPR. 350.
What are the transaction limit of Debit card in India and Bhutan,"Transaction limits for India (INR.) and Bhutan (Nu.) are: 15,000 per day and 1,00,000 per month."
What is the charge for using debit card in India and Bhutan,The charge for using debit card in India (INR.) and Bhutan (Nu.) is NPR 250 per transaction.
What are the transaction limit of Debit card for POS in India and Bhutan,"Transaction limits for India (INR.) and Bhutan (Nu.) are: 1,00,000 per day and 1,00,000 per month."
What are the transaction limit of Debit card in Nepal,"Transaction limits are:  NPR. 25,000 per transaction NPR. 1,00,000 per day NPR. 4,00,000 per month."
What are the transaction limit of Debit card for POS in Nepal,"Transaction limits are:  NPR. 1,00,000 per day NPR. 4,00,000 per month."
What is the charge for using debit card in Nepal,There is no any charge for using debit card in Nepal at  terminal and other bank ATM terminal.
Why do you ask for my e-mail address and need to report my problem through my registered email ID only,We ask for your e-mail address so as to deliver right information to the right person and for the financial security of valued customer.
Can I apply for debit card issuance from abroad against the account maintained at,No.
Is it compulsory to open account for Credit Card,"There is no compulsion to open an account for Credit Card. However, it would be better if you open an account."
What are the type of Credit Card that  offers,"offers following nature of Card:  Student Credit Card Normal/Supplementary Credit Card What are the documents required for Credit Card (Salaried ) Duly filled application form Annual Salary Certificate from the Employer in office letter head Bank statement of 6 months One passport size latest photograph Copy of Citizenship/ valid passport Location map of residence What are the documents required for Credit Card (Self-employed) Duly filled application form Latest passport size photograph Copy of citizenship/passport Location map of residence Firm/company registration certificate, PAN/VAT Certificate, tax certificate Audited financials/management prepared financial Business in operation independently at least for 2 years (Not Applicable for Professionals)."
What are the documents required for Credit Card (Persons having Property Ownership/Rental Income),Duly filled application form Latest passport size photograph Copy of citizenship/passport Location map of residence Copy of blue book if the applicant owns a Car/Vehicle registered in his/her own name Rental Agreement - valid for additional one year Tax paid receipt Copy of land/building ownership certificate if the applicant possesses land/building registered in his/her own name.
Can I use Internet Banking service through my phone,"Yes, one can use Internet Banking Service through personal phone. However, one need to activate the service through PC for the first time."
How to register/avail  Internet Banking,You should have an active account in . Visit the nearest  branch and submit a duly filled and signed  Internet Banking Form.
What documents do a business unit need to submit to avail Corporate Internet Banking service,"To register for corporate Internet Banking service, one should have an active current account with , and should submit duly filled and signed  Corporate Internet Banking Application form. The required documents are as:  For Public and Private Limited Companies and Social Organizations:  - A board minute, which should clearly state the following details:  Name and designation of authorized person to operate  Internet Banking Whether to allow transacting facility or not Registered email address and mobile number Sample board minute can be downloaded from download section in our website  For Partnership:  -An authorized letter clearly stating the following details:  Name and designation of authorized person to operate  Internet Banking Whether to allow transacting facility or not Registered email address and mobile number"
How to login Internet Banking for first time,"First of all, you need to get your login details which was send to your registered email. You can now login using any device having internet access. Open web browser (eg. Google chrome, Mozilla Firefox, safari etc.) and type https://ibank.machbank.com/ in the address bar. You will see the login screen where you enter your Internet Banking credentials sent by the bank. Wait for One Time Password (OTP) in your email and/or mobile and enter the OTP. View your account details and click Proceed button. You will get a screen, which will prompt you to choose the primary account and change the Password. If you have been successful in changing your password, you will be redirected to the login screen where you should use your new password to login. Answer security questions displayed and remember answers to those security questions Now, you can view the dashboard with all your account information and enjoy doing your banking activities."
What if I forget login password,You need to visit the nearest  branch for resetting the password of internet banking. You will receive new password in your registered email.
How do I change my passwords,Login to your Internet Banking Account. On the left of the dashboard you will see Services where you can find Change password option.
How many passwords do I have for Internet Banking,You have only one password for Internet Banking i.e. Login password which is required to login to your Internet Banking account. OTP will be used for completing transactions.
What is OTP,"OTP stands for One Time Password. It is random and is 7 characters long, which is system generated. It is sent by bank to the customers’ registered mobile number and/or email address every time while initiating a transaction through Internet Banking. Customer needs to fill OTP when prompted to complete the transaction/activity."
"If I am an individual and hold a Current A/c as well as Savings Account/Credit Card, can I link these relationships to the same Internet Banking User ID","Yes, if the customer-ID of your accounts is the same, then all accounts would be displayed automatically under the single Internet Banking user ID. However, if the accounts are registered under different Customer IDs, you will have to request for separate Internet Banking user credentials."
"Can I transfer funds between my own accounts, other  accounts, or to other bank’s accounts","Yes, you can transfer funds within your accounts, or other accounts within , or to any other bank’s accounts."
"I have accounts in 2 branches, one is saving and another is current. Should I have separate user IDs","In case the Customer-ID of the accounts is same, all of your accounts will be displayed automatically under a single Internet Banking user ID. However, in case the accounts are registered under different Customer-IDs, you will have to request for separate Internet Banking user credentials."
Can I save my account statement on my PC,"Yes, you can download the statement from your Internet Banking and save in your PC."
How do I view statement and download in PDF/Excel,"On the left side of the dashboard click on “Account”. You will see the list of all your linked accounts. On the right of every account, you will see “Statement”. Now you can choose date and download the statement in PDF and/or Excel."
How can I recognize that the web-page is secure,The URL starts with https:// – with the LOCK icon present on the address bar. You can view the site details by clicking on the lock icon.
What is my role in enhancing security of Internet Banking transaction,"You have an important role in ensuring security of your access to bank accounts over the internet. For secure internet banking transactions, you must:  Update your PC with latest anti-virus and operating system patches Install personal firewall and anti-spy to protect your PC from internet attacks Do not reveal your password to anyone. Never provide your User ID or password to any one on phone or in response to a mail. Report a suspicious mail. Do not enter login or other sensitive information in any pop-up window.  does not ask you for any personal information other than your user ID and password when you log into https://ibank.machbank.com/ Always exit using “Logout” button Keep changing your passwords frequently Always read the online security tips/important message provided on the bank’s website Do not leave your Internet Banking session unattended"
I have some more accounts which are not visible in my Internet Banking. How do I see/access them,"Your all accounts may not have same Customer ID. If your accounts having the same customer ID is not visible, please contact your nearest  branch to add those accounts."
How do I change my address or update my email,"For change of address and/or email id, please update your KYC at the nearest  branch."
How to pay your credit card bills from Internet Banking,"Click on Payments Tab Select Credit Card Bill Payment from the Merchant Group Select Credit Card Payment in Pay For tab Enter the Amount and Credit Card Number and click on Submit Click on Proceed, then enter the OTP and click on Confirm. Your payment will be made. OR, On your dashboard, hover you mouse over “Quick Pay” section, you will see “view All” as at top right of Quick Pay section. Click on View All - Credit Card Payment. Then, enter the Amount and Credit Card Number and proceed as above."
What are the key features of mobile banking/bank,"Through  application, you can access and manage your MBL accounts to carry out various services:  Easy access to your account information in a single tap. Share and scan your QR to receive and make payments. Transfer funds between different accounts of MBL as well as other various bank accounts that are linked with MBL or Fonepay networks. Pay utility bills like Postpaid, NTC landline, credit cards, electricity bills, water bills, school college fees, etc. Top-up can be done directly to NTC Prepaid, Postpaid, ADSL, NCELL Prepaid & Postpaid, Dish home, and various Sim TV and Net TV accounts. Easy payments to the Merchants that are linked or associated and registered with MBL. NTC prepaid Postpaid, CDMA, NCELL Prepaid & Postpaid, Dish home, and various Sim TV and Net TV accounts, Subisu, and other various communications recharge vouchers are easily available. Can locate branches and ATM’s easily through M3. Can get the foreign exchange rate information issued by NRB and stock market value of the bank. Face ID login and biometrics login. Use your fingerprint and face id to login and make payments."
,It's easy to get registered in the  app. Without any inconvenience visit the branch to get registered then download the App and follow the instructions. You can set up your pin and password and enjoy the service.
What is the registration charge for Prabhu mobile banking/bank,"You will be charged NPR 250.00 (in words, Nepalese Rupees Two Hundred and Fifty Only) per annum by the bank for registering you into ."
How to install the application in my Mobile Phone,"The  app is available on both IOS and Android software. To download the application please visit Google Play Store or App Store and search for , or you can find the mobile banking link in Machhapuchchhre official website to download the App."
What are the Login password and transaction pin,The login password is your password used for authentication during the login process if he/she is using a smartphone with a proper internet connection. The login password should be alphanumeric with 8-15 characters long. The transaction pin is the 4 digit code that is set and used for any monetary transaction.
What to do after registering in mobile bank in phone,"After installing the  application on your mobile phone, please log in to  with your login credential. The username will be your mobile number. After successful registration, you will be asked to change your login password and transaction pin successively. For password format, you can see the procedure and follow the instruction as in the popup panel that you get for changing the password.  Once you set your new login and transaction password, you need to log in again with the new password to use the service.  Note: Please keep your login password and transactions pin safe and confidential."
How can I enable or disable my Biometrics,"After subscribing to the application you will receive a message inquiring about the preference of fingerprint. You can enable your fingerprint to log in or for the transaction. However, you can press LATER or NEVER based on your preference. Also can be enabled or disabled fingerprint through the settings menu."
Can the transaction be canceled or changed,"For canceling or changing transaction error, you can contact the nearest branch of Machhapuchchhre bank."
How to check my transaction history  prabhu mobile banking,Transaction history can be accessed up to 90 days through account statements available in the  app.
How to know my payment is done,The notification for the payment is received through the alert message.
How to access all my prabhu accounts using mobile banking,"Yes, you can access all of your accounts using  only if you specify your required accounts during the registration process in the form. In case you want to add an account, you need to visit the bank again to specify the account.  The accounts can be renamed as name or number so that u can find easily. The account number needn’t need to be remembered instead you can remember the name."
How do I update or change personal information,"You can change your password through the application. However, to change your mobile number or other personal information, you can visit the nearest branch of Machhapuchchhre Bank."
What is the limitation of a payment transaction,"FunctionSingle(Per Transaction)Daily (Per day)Monthly( Per Month) Payment transaction limit through Mobile Banking1,00,000/-2,00,000/-10,00,000/- Note: Will change as per NRB directives."
How do I report an issue,You can go to the feedback option or complaint option to report issues also you can visit the nearest branch of Machhapuchchhre Bank Limited.
How do I know when the transfer has been performed?,"If any transaction has been performed, receiver and sender both will receive SMS notification for confirmation."
Which mobile network carrier does it work with?,It works with NTC and Ncell GSM network only.
What happens if I do not get a response SMS after initiating a transaction?,If you don't receive any response from Kumari Smart Mobile Banking service within 30 seconds please contact to Kumari Digital Banking Department for confirmation. You can directly contact us at +977-01-4445501.
Can I conduct transaction through this service if I am outside of the country?,"Yes, this service can be conducted from outside the country through data connectivity."
Do I have to maintain Balance in my account?,"Yes, to perform any transaction, you need to have sufficient balance."
"How many times can I change my PIN? Should I change the PIN? If I forget Pin, What do I do?","No limitation to change pin. System generated pin is difficult to remember and it is better and safety for you, if you changed pin. Please visit nearest branches and fill up the pin re-generate form to receive new pin."
What is the length of Password/PIN? Does the Password/PIN have to be alphabetic or numeric? Does the Password/PIN auto expire?,The login Password will be of minimum 8 characters and have to be alphanumeric. Pin length will be 4 numerical only. Alphabetic pin will not be supported by system. Password/PIN will not be auto expire.
Can I use my fingerprint as Password/PIN?,"Yes, you can use your Fingerprint as Password/PIN. For that first set your Fingerprint access in mobile phone. After that login to Kumari Smart Mobile Banking App, go to Settings and Setup login Fingerprint for Password and setup Transaction Fingerprint for PIN."
Do I need to pay any charges for this service?,"No you don’t have to pay any extra charges to perform transaction except Inter Bank Fund Transfer service, but annual fee will be charged as per packages."
Do I need to pay SMS cost for transaction?,"Yes, regular SMS cost will be deducted from talk time balance."
What if I send the money to a wrong recipient?,"We advise that you pay utmost care when typing in the recipient’s mobile phone number. In an unlikely event that you send money to an unintended recipient, please call us immediately at 977-01-4445501. However the transaction cannot be reversed once the funds have already been withdrawn."
Is Kumari mobile application available?,"Yes, Kumari Smart Mobile Banking Application is available to Android and iPhone users only. You can download it from our website or Google Play Store (Android users) and App Store (iPhone users)."
What happen if I change my mobile number?,"In case you changed your mobile number, kindly contact to your nearest branch of Kumari Bank Limited."
What are the Interest Rates being offered by Prabhu bank?,"For the updated Interest rates being offered by KBL , please follow the link below.  http://192.168.100.110/interest-rate-deposits.html"
When are Interest credited?,"Interest earned on the Normal Saving accounts (interest bearing accounts) will be credited on quarterly basis on the last day of the month of Ashadh, Ashwin, Poush and Chaitra. For all other types of Fixed Deposit interest will be provided on Quarterly basis on the last day of the month of March, June, September and December."
"Is tax deducted in the Interest I am earning, if so what is the rate?",Tax will be deducted on the interest earned @ of 5%
What is the minimum balance I need to maintain?,"Minimum balance requirement is different as per the nature of accounts. Customers will be required to inquire with the branch at the time of opening the account, for other types of saving deposit the minimum balance requirements are:-   Kumari Swastha Jeevan Bachat Khata –Minimum balance of Rs 5,000/- Kumari Remit Bachat Khata –Minimum balance is Nil. Kumari Salary Saving Account - Minimum balance of Rs 1,000/- Shareholders Saving Account -Minimum balance of Rs 500/- Kumari Big Saving - Minimum balance of Rs 5,000/- Kumari Smart Bachat Khata - Minimum balance is Nil. Kumari Saving - Minimum balance is Rs. 1,000/- or Above. Twinkle Star Saving- Minimum balance of Rs 1,000/- Subha Laxmi Saving - Minimum balance of Rs 1,000/- 50+Saving - Minimum balance of Rs 1,000/-"
Are there Account Maintenance Fees?,No idea
Can I have Statement posted to my mailbox or do I need to collect it from the Bank itself?,"Statements will not be posted or emailed, it will have to be collected from the respective branch where the customer maintains the account, however for customers residing abroad, upon their request, it maybe sent via the email provided at the time of A/c opening."
What is the frequency of the Statements?,"Statements can be collected from the bank on Quarterly basis, however upon Customer’s request, it may also be provided on demand basis after paying a certain fee."
"Can I download the application, fill it up and submit in the Bank?","Yes, customers can download the application form and submit the same to the bank together with other requisite documents."
Is introduction from an account holder mandatory to open a new account?,"Introduction from an existing account holder of KBL is a requirement, however in the absence of this, customers may fill in the details of a referenced person."
How do I close an account?,"All requests for account closure must be made in writing, by signing the closure form by the account holder. In addition to the closure request, any unused cheques and ATM/Debit Cards (if taken) must also be surrendered to the bank."
How long will it take to avail the card facility once the application has been submitted to the respective branch?,A normal domestic Visa Debit Card takes about 25 days to get delivered.   Whereas NSBL Insta Card facility can be availed instantly.
How long is the card valid for usage?,The card is valid for 5 years
Shall I get a renewed card against the expired one?,"Upon the expiry of your card, you can get a renewed card."
Can I close the card on my wish?,Card can be closed anytime as per the wish of the customer.
Where can the cards be used?,"Both NSBL Visa Debit Card and NSBL Insta Card can be used in Nepal & India at ATM Terminals, POS Machines or ECOM payment at websites verified by Visa."
How much charge I have to pay for new card?,"For the first time, you have to pay just Rs. 1000*/- for normal Card which will be valid for 5 years. (* subject to change as per account scheme). Please check the updated schedule of charges for the latest charge structure. Service charges and fees"
What if the card gets lost or stolen?,"Please inform nearest Nepal SBI branch to block the card immediately. However, you must send a written application also at the earliest. Please note that you are fully liable for the transactions processed up to the time NSBL is notified of the lost/stolen card. The Bank will issue the replacement of the lost/stolen card upon your written request with applicable charges. However, you cannot get replacement card for Bharat Yatra Card.  Customers can contact directly our call centre at Kathmandu at the following numbers to block the card:   Toll Free Number: 16600120012 (No charge while calling from Nepal Telecom numbers)  +977 1 5970333 (Other service providers in Nepal and abroad)   You can also send email request to block your card at: support@nsbl.com.np  / atm@nsbl.com.np or through our official Facebook page: facebook.com/Nsblofficial"
Is there any charges on lost card?,The customer should pay NPR 100.00 for lost card.
"If PIN forgotten, can I get new PIN immediately?",A new PIN will be generated and it takes around 25 days to get new PIN. But you have to submit written application to the branch where you have applied for card. -  Further customer can generate new re PIN instantly from NSBL internet Banking Facility. Click here for detailed steps to generate PIN using Internet Banking.
Is there any charges for Re-pin generation?,"NPR 100 should be paid to re-generate the pin. But if you generate the PIN using internet banking, no charge is deducted."
"If card trapped in ATM, how can I get my card?",You have to contact to the ATM linked branch on the same day with valid identity card. Bank has right to reject the request if the document got suspected or user could not provided the ID.
What is the withdrawal limit?,"The daily and monthly cash withdrawal limit are stated as under  Cash Withdrawal Limit   ATMs in Nepal:         Per transaction: NPR 20,000|-        Per day:            NPR 40,000|- ATMs in India :         Per transaction: INR 10,000|-        Per day:             INR 15,000|-  Monthly Cash Withdrawal Limit      ATMs in Nepal : NPR 4,00,000|-    ATMs in India : INR 100,000|-"
How much charge to be paid in each withdrawal?,"Charges differs in each case. If you use NSBL Visa Debit Card in our own ATMs, there will not be any charge in any of the transaction:   Cash Withdrawal Fast Withdrawal Balance Inquiry Mini Statement PIN Change.   -lf you use NSBL Visa Debit Card in any Visa Networked ATMs in Nepal first two transaction is free of cost and you will be charged NPR 20 from third cash withdrawal transaction onwards, Further, you will be charged NPR 50 for every balance inquiry in any VISA networked ATMs in Nepal.  -If you use NSBL Visa Debit Card in State Bank Networked ATMs in India, there will be a charge of Rs. 200/- # per Cash Withdrawal  and NPR 20* will be charged for Balance Inquiry and no charge on POS transaction **.  -If you use NSBL Visa Debit Card in Visa networked ATMs in India(other than State Bank ATM), there will be a charge of Rs. 400/- # per Cash Withdrawal  and NPR 50* will be charged for Balance Inquiry and no charge on POS transaction **.   (* Effective from 3rd Sep 2013)  (# Effective from 18th Aug 2020)  (** If the card will be used on petrol station at India, The acquirer can levy 2.5% extra) - If you use NSBL International VISA Debit Card (VYC), there will be a charge of   USD $5 per transaction for cash withdrawal and $1 for balance inquiry and USD $3 for Repin Generation.     -If you are doing transaction and balance enquiry on VISA and SBI Group network(other than Nepal SBI Bank) ATMs, the balancing figure will be shown in INR currency"
Can I use my  debit card to make E-commerce (online) transactions? How can I enable this feature? Is there any charges associated with it?,"NSBL debit cards can now make online transactions in NPR and INR on websites verified by visa (VBV).  All the debit cards come enabled for online transaction. However, customers need to update their mobile number in CRM portal by visiting nearest branch. This is required to receive one time password (OTP) to authorize the ecommerce transaction.     There will be no charge for ecommerce transactions in Nepal based ecommerce sites. For Indian ecommerce site, the charge is 0.5% of Transaction Amount or NPR 50, whichever is higher."
Can a customer get a card linked with his/her Overdraft Account?,There is no such provision.
Can a joint account holder get  Visa Card?,"Yes, but only one of the account holder will get NSBL Visa Card."
I missed to collect cash from the ATM or I tried to withdraw cash from the ATM but machine did not dispense cash where as my account has been debited. In such case what should I do to get my money back?,"We require your written complaint. On the basis of your complaint, we will process for it and your account will be credited after we receive chargeback/reimbursement from the concerned bank (ATM). For this we require following details along with your complaint letter:  1.Your card No. 2. Your account No. 3. Your Name 4. Transaction amount 5. Transaction date 6. Transaction no. (Retrieval Reference No.) 7. Bank Name 8. ATM ID 9. Transaction slips receipt from the ATM"
Can I use International Cards in Nepal  ATM?,"Yes, you may use any international card issued by VISA or MasterCard in Nepal SBI ATMs. The transaction limits and charges for International cards are as follows: Access fee per withdrawal :   NPR 500.00 Limit per transaction           :   NPR 25,000.00"
What do the response codes in the ATM transaction slip mean?,"Those are the codes that denote the nature of your transaction. The codes specify whether you were able to successfully complete your transaction or any other error occurred. For a complete list of resp codes and their meaning, read more."
